n,mean_box_office,sd_box_office,mean_avg_deviation,sd_avg_deviation
51,414.6146586058214,627.3365791262573,5.795960784313726,2.9376537195879897
